{
  "ridge": 0.1710168001122824,
  "random_forest": 0.2009558803217549,
  "lightgbm": 0.20935985013580613,
  "xgboost": 0.20845119757070016,
  "catboost": 0.21021627185945643
}