model,MAE,RMSE,sMAPE,MASE,R2,ensemble_type,fit_seconds,target_mode
stacking_ridge_meta,50.82546678031114,183.42024413960053,22.835863636171556,0.45488704708827654,0.39790287011721137,stacking,26.997344255447388,log_price_eur
lightgbm,51.40490428045573,185.10620993018358,23.026437971916287,0.460073002675311,0.3867832628340545,base,0.582026481628418,log_price_eur
xgboost,51.43757421995143,184.94432782732454,23.15794009870369,0.4603653980677623,0.38785535444963437,base,1.223294734954834,log_price_eur
weighted_blend_cv,51.64538819387302,185.11741550276864,23.21102199688251,0.4622253295338023,0.3867090173222929,weighted_blend,34.641287326812744,log_price_eur
catboost,52.250011315671834,184.19872812715008,23.47294405617854,0.4676366959982792,0.3927811054085002,base,3.3976542949676514,log_price_eur
random_forest,53.497928748900065,186.82820680794646,23.840542795743534,0.4788055354044147,0.37532098978716555,base,1.2851927280426025,log_price_eur
ridge,63.16337450414725,194.05789701630923,28.91239076817541,0.5653111074516055,0.3260391583329949,base,0.007791757583618164,log_price_eur
