target_mode,model,MAE,RMSE,sMAPE,MASE,R2,fit_seconds
log_price_eur,LightGBM,51.734561410234996,184.2182320291716,23.235123276642614,0.4630234282752383,0.3926525077254206,2.7344179153442383
log_price_eur,Random Forest,53.627456041123686,186.99427374576803,23.903276527788453,0.4799648024256429,0.37420997301493353,0.7536561489105225
price_eur,LightGBM,54.344073243602466,183.43713915815238,25.571221895394576,0.48637851397181037,0.3977919454946439,2.725714921951294
price_eur,Random Forest,55.10800159925888,186.05691740520518,24.703819564171464,0.4932156595192107,0.3804681115831767,0.7701120376586914
log_price_eur,Linear Regression,63.12814395606273,193.9838030516274,28.908047333165605,0.564995794656649,0.3265537150540583,0.008612871170043945
log_price_eur,Ridge,63.16337450414793,194.05789701631122,28.912390768175356,0.5653111074516116,0.32603915833298114,0.001138925552368164
price_eur,Ridge,67.7024444446411,191.42752447743084,35.74296592300537,0.6059357047756828,0.34418584091847004,0.0014290809631347656
price_eur,Linear Regression,67.77173138868334,191.47635449620975,35.76089907078078,0.6065558217244041,0.34385122339557284,0.008456945419311523
