segment,sum,count,outlier_ratio
Entry,93,1026,0.09064327485380116
Flagship,16,262,0.061068702290076333
Mid-range,61,825,0.07393939393939394
